{
    "mse": 7.989922046661377,
    "rmse": 2.8266448974609375,
    "mae": 2.164854049682617
}