{
    "mse": 7.961997985839844,
    "rmse": 2.8217012882232666,
    "mae": 2.1621220111846924
}