{"train_loss": [0.33862912346185986, 0.09428345797490398, 0.06999050615595669, 0.05986701615669019, 0.054233932548454676, 0.04776335681311503, 0.04304980916887144, 0.04021211547220069, 0.03592035980265946, 0.03309941450265874, 0.032519423676408844, 0.030473042349209542, 0.029205482993705515, 0.027935345320338017, 0.026909670512081527, 0.0267816778455738, 0.02492769152720547, 0.024563405636661893, 0.024058780675694225, 0.02301775373512911, 0.022594463325186862, 0.021030020964381235, 0.019823104827709936, 0.01936132442782578, 0.018960072636870995, 0.018431175404730393, 0.01780740484973106, 0.01808252616894503, 0.017695235698654038, 0.017745802909070536, 0.017248244218022676, 0.01688181431845975, 0.0165665641956248, 0.016386915607507064, 0.01630263114424449, 0.015697991299893677, 0.015120897608782088, 0.015139828950838976, 0.014570012652383954, 0.014620421236724017, 0.014389567125566431, 0.013986243620531538, 0.013830471294046581, 0.014078578036514616, 0.013658680471242319, 0.013730188757514528, 0.013532701224410916, 0.013242158253720942, 0.013230623832055125, 0.01315329538918351, 0.012930940590815523, 0.012934670827263309, 0.012765578053736092, 0.012915117788912644, 0.012434717111628416, 0.012544653053297525, 0.012570754324185324], "val_loss": [0.09622215046258854, 0.07047441609752068, 0.058828924514488255, 0.04927611120213494, 0.048172922508744845, 0.03762661838361186, 0.03667621259616942, 0.03155320202438084, 0.02925025108635919, 0.029250801767336524, 0.029061696411522276, 0.02889248840152564, 0.025989423200798046, 0.02602029115118268, 0.02531859812642725, 0.02554225747822862, 0.0249946092913026, 0.025912160407964267, 0.025428949163077235, 0.02514979251652283, 0.025206022505721133, 0.023939688168207796, 0.02435536241003449, 0.02406533618377002, 0.024048563981150867, 0.023766782737183533, 0.023675445530141153, 0.023346251111750073, 0.02375099087915973, 0.02371634579061782, 0.023212260164002182, 0.023257758345907365, 0.02342978393143654, 0.023231311419820846, 0.023807522919744726, 0.02308466978907732, 0.02284274363002503, 0.022870361389189433, 0.022985432061192388, 0.023241926202505953, 0.02313962209077389, 0.023008594881835678, 0.022879626845648905, 0.02272377611314776, 0.022923725891505892, 0.022871192892564673, 0.022679563575917723, 0.022841290860544965, 0.022715782893734528, 0.022962748780646625, 0.022733325353656752, 0.02277178297186359, 0.022817843031863908, 0.02273702041252871, 0.02275995458900142, 0.02275396829453911, 0.022722251478726765], "learning_rates": [0.001, 0.001, 0.001, 0.001, 0.001, 0.001, 0.001, 0.001, 0.001, 0.001, 0.001, 0.001, 0.001, 0.001, 0.001, 0.001, 0.001, 0.001, 0.001, 0.001, 0.001, 0.0005, 0.0005, 0.0005, 0.0005, 0.0005, 0.0005, 0.0005, 0.0005, 0.0005, 0.0005, 0.0005, 0.0005, 0.0005, 0.0005, 0.00025, 0.00025, 0.00025, 0.00025, 0.00025, 0.00025, 0.000125, 0.000125, 0.000125, 0.000125, 0.000125, 0.000125, 0.000125, 0.000125, 0.000125, 0.000125, 6.25e-05, 6.25e-05, 6.25e-05, 6.25e-05, 3.125e-05, 3.125e-05], "epochs": [1, 2, 3, 4, 5, 6, 7, 8, 9, 10, 11, 12, 13, 14, 15, 16, 17, 18, 19, 20, 21, 22, 23, 24, 25, 26, 27, 28, 29, 30, 31, 32, 33, 34, 35, 36, 37, 38, 39, 40, 41, 42, 43, 44, 45, 46, 47, 48, 49, 50, 51, 52, 53, 54, 55, 56, 57]}